danceability,energy,key,loudness,mode,speechiness,acousticness,instrumentalness,liveness,valence,tempo,type,id,uri,track_href,analysis_url,duration_ms,time_signature
0.572,0.385,7,-6.362,1,0.0308,0.371,0,0.231,0.323,95.799,audio_features,2VxeLyX666F8uXCJ0dZF8B,spotify:track:2VxeLyX666F8uXCJ0dZF8B,https://api.spotify.com/v1/tracks/2VxeLyX666F8uXCJ0dZF8B,https://api.spotify.com/v1/audio-analysis/2VxeLyX666F8uXCJ0dZF8B,215733,4
0.778,0.317,1,-10.732,0,0.334,0.592,0,0.0881,0.327,140.048,audio_features,6ocbgoVGwYJhOv1GgI9NsF,spotify:track:6ocbgoVGwYJhOv1GgI9NsF,https://api.spotify.com/v1/tracks/6ocbgoVGwYJhOv1GgI9NsF,https://api.spotify.com/v1/audio-analysis/6ocbgoVGwYJhOv1GgI9NsF,178627,4
0.848,0.933,5,-3.306,0,0.106,0.7,2.81e-06,0.184,0.506,139.998,audio_features,5yH8pYxNckOU1cxfPsMIaz,spotify:track:5yH8pYxNckOU1cxfPsMIaz,https://api.spotify.com/v1/tracks/5yH8pYxNckOU1cxfPsMIaz,https://api.spotify.com/v1/audio-analysis/5yH8pYxNckOU1cxfPsMIaz,171998,4
0.676,0.844,7,-3.396,1,0.109,0.498,0,0.866,0.716,159.969,audio_features,5EKHbW7mXcAR4hCyS3YXjb,spotify:track:5EKHbW7mXcAR4hCyS3YXjb,https://api.spotify.com/v1/tracks/5EKHbW7mXcAR4hCyS3YXjb,https://api.spotify.com/v1/audio-analysis/5EKHbW7mXcAR4hCyS3YXjb,172767,4
0.891,0.805,8,-5.836,0,0.0898,0.329,0,0.277,0.967,95.045,audio_features,7G2XZhDNHo7SSDWSVxC0UT,spotify:track:7G2XZhDNHo7SSDWSVxC0UT,https://api.spotify.com/v1/tracks/7G2XZhDNHo7SSDWSVxC0UT,https://api.spotify.com/v1/audio-analysis/7G2XZhDNHo7SSDWSVxC0UT,146276,4
0.872,0.971,6,-5.576,1,0.281,0.917,0.00143,0.121,0.521,149.987,audio_features,7FiIQXpIeLo3ITfGGpb8PB,spotify:track:7FiIQXpIeLo3ITfGGpb8PB,https://api.spotify.com/v1/tracks/7FiIQXpIeLo3ITfGGpb8PB,https://api.spotify.com/v1/audio-analysis/7FiIQXpIeLo3ITfGGpb8PB,161600,4
0.65,0.361,2,-7.153,1,0.404,0.0331,0,0.0978,0.844,89.803,audio_features,0IQCOAw9ZAI6WnXIrl481F,spotify:track:0IQCOAw9ZAI6WnXIrl481F,https://api.spotify.com/v1/tracks/0IQCOAw9ZAI6WnXIrl481F,https://api.spotify.com/v1/audio-analysis/0IQCOAw9ZAI6WnXIrl481F,177094,4
0.828,0.599,11,-1.624,1,0.149,0.381,0,0.0775,0.478,86.533,audio_features,3Hb9kUdm4yf839Fle4RIdT,spotify:track:3Hb9kUdm4yf839Fle4RIdT,https://api.spotify.com/v1/tracks/3Hb9kUdm4yf839Fle4RIdT,https://api.spotify.com/v1/audio-analysis/3Hb9kUdm4yf839Fle4RIdT,171692,5
0.834,0.777,5,-4.538,0,0.0593,0.22,0.00609,0.335,0.865,129.984,audio_features,1OUPXna2MCgAt3VNmXJBtg,spotify:track:1OUPXna2MCgAt3VNmXJBtg,https://api.spotify.com/v1/tracks/1OUPXna2MCgAt3VNmXJBtg,https://api.spotify.com/v1/audio-analysis/1OUPXna2MCgAt3VNmXJBtg,193440,4
0.897,0.757,4,-5.243,0,0.236,0.702,0,0.0779,0.613,140.038,audio_features,7rLegaz7zKB6EtDNzcslKE,spotify:track:7rLegaz7zKB6EtDNzcslKE,https://api.spotify.com/v1/tracks/7rLegaz7zKB6EtDNzcslKE,https://api.spotify.com/v1/audio-analysis/7rLegaz7zKB6EtDNzcslKE,240000,4
0.613,0.794,10,-4.518,1,0.0347,0.277,0,0.173,0.602,124.743,audio_features,0XEJ7eph2IWFYZc73Jm3n2,spotify:track:0XEJ7eph2IWFYZc73Jm3n2,https://api.spotify.com/v1/tracks/0XEJ7eph2IWFYZc73Jm3n2,https://api.spotify.com/v1/audio-analysis/0XEJ7eph2IWFYZc73Jm3n2,161404,4
0.608,0.729,1,-7.4,1,0.128,0.151,0,0.201,0.431,165.959,audio_features,7KdcbYcVF8LkQeQcTYOixJ,spotify:track:7KdcbYcVF8LkQeQcTYOixJ,https://api.spotify.com/v1/tracks/7KdcbYcVF8LkQeQcTYOixJ,https://api.spotify.com/v1/audio-analysis/7KdcbYcVF8LkQeQcTYOixJ,181512,4
0.681,0.94,0,-1.77,1,0.0386,0.0201,0,0.578,0.648,124.015,audio_features,2X8sssaxS5GReg6945B6RW,spotify:track:2X8sssaxS5GReg6945B6RW,https://api.spotify.com/v1/tracks/2X8sssaxS5GReg6945B6RW,https://api.spotify.com/v1/audio-analysis/2X8sssaxS5GReg6945B6RW,163851,4
0.699,0.682,9,-5.396,1,0.0263,0.304,0,0.854,0.678,104.017,audio_features,0kCqaybZgYcLYxzZymmBoc,spotify:track:0kCqaybZgYcLYxzZymmBoc,https://api.spotify.com/v1/tracks/0kCqaybZgYcLYxzZymmBoc,https://api.spotify.com/v1/audio-analysis/0kCqaybZgYcLYxzZymmBoc,183888,4
0.832,0.833,10,-2.38,0,0.0975,0.621,0,0.645,0.853,135.049,audio_features,5Wmg5LPPJnbMsKA9fthM3l,spotify:track:5Wmg5LPPJnbMsKA9fthM3l,https://api.spotify.com/v1/tracks/5Wmg5LPPJnbMsKA9fthM3l,https://api.spotify.com/v1/audio-analysis/5Wmg5LPPJnbMsKA9fthM3l,154417,4
0.641,0.614,7,-7.847,1,0.0532,0.0745,0,0.093,0.727,81.011,audio_features,1qCLx3nX25NuhfPjM5E1qV,spotify:track:1qCLx3nX25NuhfPjM5E1qV,https://api.spotify.com/v1/tracks/1qCLx3nX25NuhfPjM5E1qV,https://api.spotify.com/v1/audio-analysis/1qCLx3nX25NuhfPjM5E1qV,210889,4
0.398,0.838,8,-4.734,0,0.13,0.778,0,0.189,0.206,156.008,audio_features,2qkNnJvQvhLiZ63X1L3eFz,spotify:track:2qkNnJvQvhLiZ63X1L3eFz,https://api.spotify.com/v1/tracks/2qkNnJvQvhLiZ63X1L3eFz,https://api.spotify.com/v1/audio-analysis/2qkNnJvQvhLiZ63X1L3eFz,182341,3
0.703,0.929,3,-4.021,0,0.0338,0.169,0,0.396,0.626,126.998,audio_features,3mNmUjoDHYDYj08IaRPtg0,spotify:track:3mNmUjoDHYDYj08IaRPtg0,https://api.spotify.com/v1/tracks/3mNmUjoDHYDYj08IaRPtg0,https://api.spotify.com/v1/audio-analysis/3mNmUjoDHYDYj08IaRPtg0,153374,4
0.699,0.86,9,-2.761,0,0.0769,0.166,0,0.353,0.638,137.85,audio_features,3o67Yt3Ua1qlSNV22zWUAn,spotify:track:3o67Yt3Ua1qlSNV22zWUAn,https://api.spotify.com/v1/tracks/3o67Yt3Ua1qlSNV22zWUAn,https://api.spotify.com/v1/audio-analysis/3o67Yt3Ua1qlSNV22zWUAn,178213,4
0.901,0.819,0,-1.874,1,0.051,0.309,0,0.701,0.924,129.935,audio_features,5eMmT4Ava5BGThju0AD8vQ,spotify:track:5eMmT4Ava5BGThju0AD8vQ,https://api.spotify.com/v1/tracks/5eMmT4Ava5BGThju0AD8vQ,https://api.spotify.com/v1/audio-analysis/5eMmT4Ava5BGThju0AD8vQ,203740,4
0.493,0.832,10,-3.42,1,0.201,0.483,0,0.956,0.599,157.964,audio_features,7oEr56KG6odStlQH0nvdyr,spotify:track:7oEr56KG6odStlQH0nvdyr,https://api.spotify.com/v1/tracks/7oEr56KG6odStlQH0nvdyr,https://api.spotify.com/v1/audio-analysis/7oEr56KG6odStlQH0nvdyr,187349,4
0.677,0.984,11,-3.539,0,0.286,0.211,0,0.0632,0.906,150.086,audio_features,7LPR6AdkOQR9WpEixCGNCk,spotify:track:7LPR6AdkOQR9WpEixCGNCk,https://api.spotify.com/v1/tracks/7LPR6AdkOQR9WpEixCGNCk,https://api.spotify.com/v1/audio-analysis/7LPR6AdkOQR9WpEixCGNCk,134107,4
0.741,0.794,3,-2.555,1,0.0402,0.591,0,0.236,0.765,157.987,audio_features,0PaAB17axL9hn88mHiw8g0,spotify:track:0PaAB17axL9hn88mHiw8g0,https://api.spotify.com/v1/tracks/0PaAB17axL9hn88mHiw8g0,https://api.spotify.com/v1/audio-analysis/0PaAB17axL9hn88mHiw8g0,196613,4
0.694,0.869,3,-5.26,0,0.0857,0.611,0,0.535,0.786,121.996,audio_features,1IJH7QjV5V99eJBtKXqGXE,spotify:track:1IJH7QjV5V99eJBtKXqGXE,https://api.spotify.com/v1/tracks/1IJH7QjV5V99eJBtKXqGXE,https://api.spotify.com/v1/audio-analysis/1IJH7QjV5V99eJBtKXqGXE,234961,4
0.834,0.751,11,-0.787,1,0.117,0.447,0,0.112,0.697,129.935,audio_features,4xc6RrWzEOdprPqYn9Cyen,spotify:track:4xc6RrWzEOdprPqYn9Cyen,https://api.spotify.com/v1/tracks/4xc6RrWzEOdprPqYn9Cyen,https://api.spotify.com/v1/audio-analysis/4xc6RrWzEOdprPqYn9Cyen,161444,4
0.518,0.575,5,-10.454,0,0.0524,0.426,0,0.154,0.576,93.886,audio_features,13Rf6RaZT13TW4xLQR3MQr,spotify:track:13Rf6RaZT13TW4xLQR3MQr,https://api.spotify.com/v1/tracks/13Rf6RaZT13TW4xLQR3MQr,https://api.spotify.com/v1/audio-analysis/13Rf6RaZT13TW4xLQR3MQr,577819,4
0.869,0.681,8,-1.796,1,0.0941,0.481,0,0.457,0.905,133.939,audio_features,4HTrlT5mmxPaZZKs4JSPeI,spotify:track:4HTrlT5mmxPaZZKs4JSPeI,https://api.spotify.com/v1/tracks/4HTrlT5mmxPaZZKs4JSPeI,https://api.spotify.com/v1/audio-analysis/4HTrlT5mmxPaZZKs4JSPeI,158383,4
0.826,0.791,0,-4.605,0,0.0806,0.193,8.6e-05,0.0533,0.344,150.026,audio_features,6zdrUt0j8guhZfcSF6X2Sb,spotify:track:6zdrUt0j8guhZfcSF6X2Sb,https://api.spotify.com/v1/tracks/6zdrUt0j8guhZfcSF6X2Sb,https://api.spotify.com/v1/audio-analysis/6zdrUt0j8guhZfcSF6X2Sb,175061,4
0.517,0.875,0,-3.997,1,0.106,0.426,0,0.209,0.672,163.958,audio_features,2PMLdLt5QeOuOgxfAvx1in,spotify:track:2PMLdLt5QeOuOgxfAvx1in,https://api.spotify.com/v1/tracks/2PMLdLt5QeOuOgxfAvx1in,https://api.spotify.com/v1/audio-analysis/2PMLdLt5QeOuOgxfAvx1in,187378,4
0.757,0.687,1,-4.78,1,0.0658,0.586,0,0.111,0.583,117.927,audio_features,4eB8rsNNm5791m3uvEBNLR,spotify:track:4eB8rsNNm5791m3uvEBNLR,https://api.spotify.com/v1/tracks/4eB8rsNNm5791m3uvEBNLR,https://api.spotify.com/v1/audio-analysis/4eB8rsNNm5791m3uvEBNLR,173831,4
0.658,0.572,3,-7.527,1,0.0304,0.214,0,0.125,0.741,92.011,audio_features,5U28PY9MekLyCBYtLHGQpe,spotify:track:5U28PY9MekLyCBYtLHGQpe,https://api.spotify.com/v1/tracks/5U28PY9MekLyCBYtLHGQpe,https://api.spotify.com/v1/audio-analysis/5U28PY9MekLyCBYtLHGQpe,231474,4
0.807,0.782,11,-2.925,0,0.117,0.498,0,0.108,0.958,157.953,audio_features,2mJOngYlqgfdLMBSxPcJL3,spotify:track:2mJOngYlqgfdLMBSxPcJL3,https://api.spotify.com/v1/tracks/2mJOngYlqgfdLMBSxPcJL3,https://api.spotify.com/v1/audio-analysis/2mJOngYlqgfdLMBSxPcJL3,174315,4
0.833,0.917,8,-3.189,0,0.0752,0.388,2.39e-05,0.293,0.882,143.986,audio_features,6HtVFR6WAeJRgYtleNcEE8,spotify:track:6HtVFR6WAeJRgYtleNcEE8,https://api.spotify.com/v1/tracks/6HtVFR6WAeJRgYtleNcEE8,https://api.spotify.com/v1/audio-analysis/6HtVFR6WAeJRgYtleNcEE8,166667,4
0.848,0.896,4,-8.107,0,0.213,0.793,0.0418,0.1,0.727,150.064,audio_features,6FWMkcaZyKS8I60zR6ro7h,spotify:track:6FWMkcaZyKS8I60zR6ro7h,https://api.spotify.com/v1/tracks/6FWMkcaZyKS8I60zR6ro7h,https://api.spotify.com/v1/audio-analysis/6FWMkcaZyKS8I60zR6ro7h,226847,4
0.692,0.973,11,-1.154,1,0.202,0.516,0,0.071,0.568,100.292,audio_features,4SBQSroThFQ98U29IwnJ2g,spotify:track:4SBQSroThFQ98U29IwnJ2g,https://api.spotify.com/v1/tracks/4SBQSroThFQ98U29IwnJ2g,https://api.spotify.com/v1/audio-analysis/4SBQSroThFQ98U29IwnJ2g,165600,5
0.8,0.7,3,-3.359,0,0.208,0.264,0,0.0938,0.808,159.956,audio_features,4Da1U4No5kamKMoJ82RGan,spotify:track:4Da1U4No5kamKMoJ82RGan,https://api.spotify.com/v1/tracks/4Da1U4No5kamKMoJ82RGan,https://api.spotify.com/v1/audio-analysis/4Da1U4No5kamKMoJ82RGan,199312,4
0.603,0.804,0,-4.253,1,0.198,0.362,0,0.743,0.682,153.883,audio_features,3RbXsVQr4jeTxvT35Hssq3,spotify:track:3RbXsVQr4jeTxvT35Hssq3,https://api.spotify.com/v1/tracks/3RbXsVQr4jeTxvT35Hssq3,https://api.spotify.com/v1/audio-analysis/3RbXsVQr4jeTxvT35Hssq3,159780,4
0.663,0.884,2,-3.4,0,0.0716,0.652,0,0.156,0.875,172.059,audio_features,6YjyT6MEMsMc41NNWk2dYg,spotify:track:6YjyT6MEMsMc41NNWk2dYg,https://api.spotify.com/v1/tracks/6YjyT6MEMsMc41NNWk2dYg,https://api.spotify.com/v1/audio-analysis/6YjyT6MEMsMc41NNWk2dYg,175203,4
0.742,0.486,8,-7.748,0,0.0612,0.445,0,0.282,0.738,116.208,audio_features,3IdXfXbXcbEe3LP9ClIZw8,spotify:track:3IdXfXbXcbEe3LP9ClIZw8,https://api.spotify.com/v1/tracks/3IdXfXbXcbEe3LP9ClIZw8,https://api.spotify.com/v1/audio-analysis/3IdXfXbXcbEe3LP9ClIZw8,177145,4
0.606,0.877,1,-10.087,0,0.0735,0.495,0.00177,0.958,0.767,150.045,audio_features,2caDAj0O4uD8OlJ8bap9nz,spotify:track:2caDAj0O4uD8OlJ8bap9nz,https://api.spotify.com/v1/tracks/2caDAj0O4uD8OlJ8bap9nz,https://api.spotify.com/v1/audio-analysis/2caDAj0O4uD8OlJ8bap9nz,169954,4
0.815,0.723,6,-3.611,0,0.0574,0.115,0,0.184,0.896,149.918,audio_features,2lAyctg5FocS67eksHoyIg,spotify:track:2lAyctg5FocS67eksHoyIg,https://api.spotify.com/v1/tracks/2lAyctg5FocS67eksHoyIg,https://api.spotify.com/v1/audio-analysis/2lAyctg5FocS67eksHoyIg,147990,4
0.741,0.813,11,-4.83,0,0.0452,0.204,0,0.797,0.765,123.842,audio_features,7D5F5BzIon5zhzQrOU2pdN,spotify:track:7D5F5BzIon5zhzQrOU2pdN,https://api.spotify.com/v1/tracks/7D5F5BzIon5zhzQrOU2pdN,https://api.spotify.com/v1/audio-analysis/7D5F5BzIon5zhzQrOU2pdN,190084,4
0.559,0.844,0,-3.685,1,0.124,0.112,0,0.935,0.823,139.385,audio_features,0EZuXcsnjEmGuRYdFdcctX,spotify:track:0EZuXcsnjEmGuRYdFdcctX,https://api.spotify.com/v1/tracks/0EZuXcsnjEmGuRYdFdcctX,https://api.spotify.com/v1/audio-analysis/0EZuXcsnjEmGuRYdFdcctX,162751,4
0.538,0.651,10,-5.805,1,0.0336,0.801,0,0.948,0.544,148.03,audio_features,5MMrkwK6AgNAsgHVdC7daZ,spotify:track:5MMrkwK6AgNAsgHVdC7daZ,https://api.spotify.com/v1/tracks/5MMrkwK6AgNAsgHVdC7daZ,https://api.spotify.com/v1/audio-analysis/5MMrkwK6AgNAsgHVdC7daZ,201378,4
0.374,0.953,0,-2.388,1,0.1,0.0778,0,0.538,0.575,158.708,audio_features,7E5cJjrgYLHo13pI0hpmWw,spotify:track:7E5cJjrgYLHo13pI0hpmWw,https://api.spotify.com/v1/tracks/7E5cJjrgYLHo13pI0hpmWw,https://api.spotify.com/v1/audio-analysis/7E5cJjrgYLHo13pI0hpmWw,157689,4
0.412,0.809,9,-3.66,0,0.144,0.0397,0,0.0899,0.254,81.47,audio_features,0H8CBal2Dcu5Yc001VotZN,spotify:track:0H8CBal2Dcu5Yc001VotZN,https://api.spotify.com/v1/tracks/0H8CBal2Dcu5Yc001VotZN,https://api.spotify.com/v1/audio-analysis/0H8CBal2Dcu5Yc001VotZN,208941,4
0.751,0.709,8,-4.216,1,0.0382,0.125,0,0.807,0.515,114.094,audio_features,1xyVMQx51Kab6eLVtE6twx,spotify:track:1xyVMQx51Kab6eLVtE6twx,https://api.spotify.com/v1/tracks/1xyVMQx51Kab6eLVtE6twx,https://api.spotify.com/v1/audio-analysis/1xyVMQx51Kab6eLVtE6twx,219442,4
0.768,0.934,8,-2.533,1,0.0453,0.22,1.73e-06,0.0854,0.916,160.108,audio_features,7wMAgaPiKzTNxpDWu2BPfk,spotify:track:7wMAgaPiKzTNxpDWu2BPfk,https://api.spotify.com/v1/tracks/7wMAgaPiKzTNxpDWu2BPfk,https://api.spotify.com/v1/audio-analysis/7wMAgaPiKzTNxpDWu2BPfk,160640,4
0.521,0.918,6,-3.414,0,0.0867,0.203,0,0.579,0.683,185.995,audio_features,4mtHXZBOBMrZSI6jp3X9WJ,spotify:track:4mtHXZBOBMrZSI6jp3X9WJ,https://api.spotify.com/v1/tracks/4mtHXZBOBMrZSI6jp3X9WJ,https://api.spotify.com/v1/audio-analysis/4mtHXZBOBMrZSI6jp3X9WJ,161152,4
0.686,0.852,5,-4.147,1,0.146,0.149,1.93e-06,0.989,0.752,166.081,audio_features,7oe0Ix6qnvqZhK0zDzOPie,spotify:track:7oe0Ix6qnvqZhK0zDzOPie,https://api.spotify.com/v1/tracks/7oe0Ix6qnvqZhK0zDzOPie,https://api.spotify.com/v1/audio-analysis/7oe0Ix6qnvqZhK0zDzOPie,177280,4
