danceability,energy,key,loudness,mode,speechiness,acousticness,instrumentalness,liveness,valence,tempo,type,id,uri,track_href,analysis_url,duration_ms,time_signature
0.572,0.385,7,-6.362,1,0.0308,0.371,0,0.231,0.323,95.799,audio_features,2VxeLyX666F8uXCJ0dZF8B,spotify:track:2VxeLyX666F8uXCJ0dZF8B,https://api.spotify.com/v1/tracks/2VxeLyX666F8uXCJ0dZF8B,https://api.spotify.com/v1/audio-analysis/2VxeLyX666F8uXCJ0dZF8B,215733,4
0.778,0.317,1,-10.732,0,0.334,0.592,0,0.0881,0.327,140.048,audio_features,6ocbgoVGwYJhOv1GgI9NsF,spotify:track:6ocbgoVGwYJhOv1GgI9NsF,https://api.spotify.com/v1/tracks/6ocbgoVGwYJhOv1GgI9NsF,https://api.spotify.com/v1/audio-analysis/6ocbgoVGwYJhOv1GgI9NsF,178627,4
0.834,0.777,5,-4.538,0,0.0593,0.22,0.00609,0.335,0.865,129.984,audio_features,1OUPXna2MCgAt3VNmXJBtg,spotify:track:1OUPXna2MCgAt3VNmXJBtg,https://api.spotify.com/v1/tracks/1OUPXna2MCgAt3VNmXJBtg,https://api.spotify.com/v1/audio-analysis/1OUPXna2MCgAt3VNmXJBtg,193440,4
0.676,0.844,7,-3.396,1,0.109,0.498,0,0.866,0.716,159.969,audio_features,5EKHbW7mXcAR4hCyS3YXjb,spotify:track:5EKHbW7mXcAR4hCyS3YXjb,https://api.spotify.com/v1/tracks/5EKHbW7mXcAR4hCyS3YXjb,https://api.spotify.com/v1/audio-analysis/5EKHbW7mXcAR4hCyS3YXjb,172767,4
0.872,0.971,6,-5.576,1,0.281,0.917,0.00143,0.121,0.521,149.987,audio_features,7FiIQXpIeLo3ITfGGpb8PB,spotify:track:7FiIQXpIeLo3ITfGGpb8PB,https://api.spotify.com/v1/tracks/7FiIQXpIeLo3ITfGGpb8PB,https://api.spotify.com/v1/audio-analysis/7FiIQXpIeLo3ITfGGpb8PB,161600,4
0.848,0.933,5,-3.306,0,0.106,0.7,2.81e-06,0.184,0.506,139.998,audio_features,5yH8pYxNckOU1cxfPsMIaz,spotify:track:5yH8pYxNckOU1cxfPsMIaz,https://api.spotify.com/v1/tracks/5yH8pYxNckOU1cxfPsMIaz,https://api.spotify.com/v1/audio-analysis/5yH8pYxNckOU1cxfPsMIaz,171998,4
0.891,0.805,8,-5.836,0,0.0898,0.329,0,0.277,0.967,95.045,audio_features,7G2XZhDNHo7SSDWSVxC0UT,spotify:track:7G2XZhDNHo7SSDWSVxC0UT,https://api.spotify.com/v1/tracks/7G2XZhDNHo7SSDWSVxC0UT,https://api.spotify.com/v1/audio-analysis/7G2XZhDNHo7SSDWSVxC0UT,146276,4
0.901,0.819,0,-1.874,1,0.051,0.309,0,0.701,0.924,129.935,audio_features,5eMmT4Ava5BGThju0AD8vQ,spotify:track:5eMmT4Ava5BGThju0AD8vQ,https://api.spotify.com/v1/tracks/5eMmT4Ava5BGThju0AD8vQ,https://api.spotify.com/v1/audio-analysis/5eMmT4Ava5BGThju0AD8vQ,203740,4
0.603,0.804,0,-4.253,1,0.198,0.362,0,0.743,0.682,153.883,audio_features,3RbXsVQr4jeTxvT35Hssq3,spotify:track:3RbXsVQr4jeTxvT35Hssq3,https://api.spotify.com/v1/tracks/3RbXsVQr4jeTxvT35Hssq3,https://api.spotify.com/v1/audio-analysis/3RbXsVQr4jeTxvT35Hssq3,159780,4
0.608,0.729,1,-7.4,1,0.128,0.151,0,0.201,0.431,165.959,audio_features,7KdcbYcVF8LkQeQcTYOixJ,spotify:track:7KdcbYcVF8LkQeQcTYOixJ,https://api.spotify.com/v1/tracks/7KdcbYcVF8LkQeQcTYOixJ,https://api.spotify.com/v1/audio-analysis/7KdcbYcVF8LkQeQcTYOixJ,181512,4
0.65,0.361,2,-7.153,1,0.404,0.0331,0,0.0978,0.844,89.803,audio_features,0IQCOAw9ZAI6WnXIrl481F,spotify:track:0IQCOAw9ZAI6WnXIrl481F,https://api.spotify.com/v1/tracks/0IQCOAw9ZAI6WnXIrl481F,https://api.spotify.com/v1/audio-analysis/0IQCOAw9ZAI6WnXIrl481F,177094,4
0.493,0.832,10,-3.42,1,0.201,0.483,0,0.956,0.599,157.964,audio_features,7oEr56KG6odStlQH0nvdyr,spotify:track:7oEr56KG6odStlQH0nvdyr,https://api.spotify.com/v1/tracks/7oEr56KG6odStlQH0nvdyr,https://api.spotify.com/v1/audio-analysis/7oEr56KG6odStlQH0nvdyr,187349,4
0.613,0.794,10,-4.518,1,0.0347,0.277,0,0.173,0.602,124.743,audio_features,0XEJ7eph2IWFYZc73Jm3n2,spotify:track:0XEJ7eph2IWFYZc73Jm3n2,https://api.spotify.com/v1/tracks/0XEJ7eph2IWFYZc73Jm3n2,https://api.spotify.com/v1/audio-analysis/0XEJ7eph2IWFYZc73Jm3n2,161404,4
0.663,0.884,2,-3.4,0,0.0716,0.652,0,0.156,0.875,172.059,audio_features,6YjyT6MEMsMc41NNWk2dYg,spotify:track:6YjyT6MEMsMc41NNWk2dYg,https://api.spotify.com/v1/tracks/6YjyT6MEMsMc41NNWk2dYg,https://api.spotify.com/v1/audio-analysis/6YjyT6MEMsMc41NNWk2dYg,175203,4
0.606,0.877,1,-10.087,0,0.0735,0.495,0.00177,0.958,0.767,150.045,audio_features,2caDAj0O4uD8OlJ8bap9nz,spotify:track:2caDAj0O4uD8OlJ8bap9nz,https://api.spotify.com/v1/tracks/2caDAj0O4uD8OlJ8bap9nz,https://api.spotify.com/v1/audio-analysis/2caDAj0O4uD8OlJ8bap9nz,169954,4
0.757,0.687,1,-4.78,1,0.0658,0.586,0,0.111,0.583,117.927,audio_features,4eB8rsNNm5791m3uvEBNLR,spotify:track:4eB8rsNNm5791m3uvEBNLR,https://api.spotify.com/v1/tracks/4eB8rsNNm5791m3uvEBNLR,https://api.spotify.com/v1/audio-analysis/4eB8rsNNm5791m3uvEBNLR,173831,4
0.641,0.614,7,-7.847,1,0.0532,0.0745,0,0.093,0.727,81.011,audio_features,1qCLx3nX25NuhfPjM5E1qV,spotify:track:1qCLx3nX25NuhfPjM5E1qV,https://api.spotify.com/v1/tracks/1qCLx3nX25NuhfPjM5E1qV,https://api.spotify.com/v1/audio-analysis/1qCLx3nX25NuhfPjM5E1qV,210889,4
0.681,0.94,0,-1.77,1,0.0386,0.0201,0,0.578,0.648,124.015,audio_features,2X8sssaxS5GReg6945B6RW,spotify:track:2X8sssaxS5GReg6945B6RW,https://api.spotify.com/v1/tracks/2X8sssaxS5GReg6945B6RW,https://api.spotify.com/v1/audio-analysis/2X8sssaxS5GReg6945B6RW,163851,4
0.807,0.782,11,-2.925,0,0.117,0.498,0,0.108,0.958,157.953,audio_features,2mJOngYlqgfdLMBSxPcJL3,spotify:track:2mJOngYlqgfdLMBSxPcJL3,https://api.spotify.com/v1/tracks/2mJOngYlqgfdLMBSxPcJL3,https://api.spotify.com/v1/audio-analysis/2mJOngYlqgfdLMBSxPcJL3,174315,4
0.703,0.929,3,-4.021,0,0.0338,0.169,0,0.396,0.626,126.998,audio_features,3mNmUjoDHYDYj08IaRPtg0,spotify:track:3mNmUjoDHYDYj08IaRPtg0,https://api.spotify.com/v1/tracks/3mNmUjoDHYDYj08IaRPtg0,https://api.spotify.com/v1/audio-analysis/3mNmUjoDHYDYj08IaRPtg0,153374,4
0.518,0.575,5,-10.454,0,0.0524,0.426,0,0.154,0.576,93.886,audio_features,13Rf6RaZT13TW4xLQR3MQr,spotify:track:13Rf6RaZT13TW4xLQR3MQr,https://api.spotify.com/v1/tracks/13Rf6RaZT13TW4xLQR3MQr,https://api.spotify.com/v1/audio-analysis/13Rf6RaZT13TW4xLQR3MQr,577819,4
0.699,0.86,9,-2.761,0,0.0769,0.166,0,0.353,0.638,137.85,audio_features,3o67Yt3Ua1qlSNV22zWUAn,spotify:track:3o67Yt3Ua1qlSNV22zWUAn,https://api.spotify.com/v1/tracks/3o67Yt3Ua1qlSNV22zWUAn,https://api.spotify.com/v1/audio-analysis/3o67Yt3Ua1qlSNV22zWUAn,178213,4
0.505,0.721,1,-5.86,1,0.061,0.768,0,0.869,0.421,106.248,audio_features,6sRLrSetyIwIKhW1eMlUNP,spotify:track:6sRLrSetyIwIKhW1eMlUNP,https://api.spotify.com/v1/tracks/6sRLrSetyIwIKhW1eMlUNP,https://api.spotify.com/v1/audio-analysis/6sRLrSetyIwIKhW1eMlUNP,189059,4
0.398,0.838,8,-4.734,0,0.13,0.778,0,0.189,0.206,156.008,audio_features,2qkNnJvQvhLiZ63X1L3eFz,spotify:track:2qkNnJvQvhLiZ63X1L3eFz,https://api.spotify.com/v1/tracks/2qkNnJvQvhLiZ63X1L3eFz,https://api.spotify.com/v1/audio-analysis/2qkNnJvQvhLiZ63X1L3eFz,182341,3
0.741,0.813,11,-4.83,0,0.0452,0.204,0,0.797,0.765,123.842,audio_features,7D5F5BzIon5zhzQrOU2pdN,spotify:track:7D5F5BzIon5zhzQrOU2pdN,https://api.spotify.com/v1/tracks/7D5F5BzIon5zhzQrOU2pdN,https://api.spotify.com/v1/audio-analysis/7D5F5BzIon5zhzQrOU2pdN,190084,4
0.559,0.844,0,-3.685,1,0.124,0.112,0,0.935,0.823,139.385,audio_features,0EZuXcsnjEmGuRYdFdcctX,spotify:track:0EZuXcsnjEmGuRYdFdcctX,https://api.spotify.com/v1/tracks/0EZuXcsnjEmGuRYdFdcctX,https://api.spotify.com/v1/audio-analysis/0EZuXcsnjEmGuRYdFdcctX,162751,4
0.692,0.973,11,-1.154,1,0.202,0.516,0,0.071,0.568,100.292,audio_features,4SBQSroThFQ98U29IwnJ2g,spotify:track:4SBQSroThFQ98U29IwnJ2g,https://api.spotify.com/v1/tracks/4SBQSroThFQ98U29IwnJ2g,https://api.spotify.com/v1/audio-analysis/4SBQSroThFQ98U29IwnJ2g,165600,5
0.658,0.572,3,-7.527,1,0.0304,0.214,0,0.125,0.741,92.011,audio_features,5U28PY9MekLyCBYtLHGQpe,spotify:track:5U28PY9MekLyCBYtLHGQpe,https://api.spotify.com/v1/tracks/5U28PY9MekLyCBYtLHGQpe,https://api.spotify.com/v1/audio-analysis/5U28PY9MekLyCBYtLHGQpe,231474,4
0.632,0.398,6,-6.615,1,0.373,0.945,0,0.228,0.633,90.695,audio_features,2x8TNY9KwNvD19gVGs4WOP,spotify:track:2x8TNY9KwNvD19gVGs4WOP,https://api.spotify.com/v1/tracks/2x8TNY9KwNvD19gVGs4WOP,https://api.spotify.com/v1/audio-analysis/2x8TNY9KwNvD19gVGs4WOP,204931,4
0.707,0.664,2,-5.042,1,0.0382,0.361,0,0.331,0.674,124.991,audio_features,5pRGXCDY0eT6R1QicAn7Uk,spotify:track:5pRGXCDY0eT6R1QicAn7Uk,https://api.spotify.com/v1/tracks/5pRGXCDY0eT6R1QicAn7Uk,https://api.spotify.com/v1/audio-analysis/5pRGXCDY0eT6R1QicAn7Uk,179165,4
0.611,0.835,6,-4.107,1,0.139,0.167,0,0.107,0.672,102.023,audio_features,6PqUdUGS4h5aGY7YyEGXr8,spotify:track:6PqUdUGS4h5aGY7YyEGXr8,https://api.spotify.com/v1/tracks/6PqUdUGS4h5aGY7YyEGXr8,https://api.spotify.com/v1/audio-analysis/6PqUdUGS4h5aGY7YyEGXr8,179457,4
0.833,0.917,8,-3.189,0,0.0752,0.388,2.39e-05,0.293,0.882,143.986,audio_features,6HtVFR6WAeJRgYtleNcEE8,spotify:track:6HtVFR6WAeJRgYtleNcEE8,https://api.spotify.com/v1/tracks/6HtVFR6WAeJRgYtleNcEE8,https://api.spotify.com/v1/audio-analysis/6HtVFR6WAeJRgYtleNcEE8,166667,4
0.655,0.34,10,-6.834,1,0.358,0.332,8.73e-05,0.106,0.24,90.67,audio_features,3NpRkAnxexTh4TklAZNjag,spotify:track:3NpRkAnxexTh4TklAZNjag,https://api.spotify.com/v1/tracks/3NpRkAnxexTh4TklAZNjag,https://api.spotify.com/v1/audio-analysis/3NpRkAnxexTh4TklAZNjag,184615,5
0.538,0.651,10,-5.805,1,0.0336,0.801,0,0.948,0.544,148.03,audio_features,5MMrkwK6AgNAsgHVdC7daZ,spotify:track:5MMrkwK6AgNAsgHVdC7daZ,https://api.spotify.com/v1/tracks/5MMrkwK6AgNAsgHVdC7daZ,https://api.spotify.com/v1/audio-analysis/5MMrkwK6AgNAsgHVdC7daZ,201378,4
0.738,0.861,2,-4.141,1,0.237,0.32,0.00175,0.325,0.58,131.974,audio_features,3VHrwffnUZFb7FidvPV3OA,spotify:track:3VHrwffnUZFb7FidvPV3OA,https://api.spotify.com/v1/tracks/3VHrwffnUZFb7FidvPV3OA,https://api.spotify.com/v1/audio-analysis/3VHrwffnUZFb7FidvPV3OA,189052,4
0.815,0.723,6,-3.611,0,0.0574,0.115,0,0.184,0.896,149.918,audio_features,2lAyctg5FocS67eksHoyIg,spotify:track:2lAyctg5FocS67eksHoyIg,https://api.spotify.com/v1/tracks/2lAyctg5FocS67eksHoyIg,https://api.spotify.com/v1/audio-analysis/2lAyctg5FocS67eksHoyIg,147990,4
0.699,0.796,2,-4.852,1,0.048,0.147,0,0.949,0.405,115.803,audio_features,7nJJKm0R90xM1nGlxTHTme,spotify:track:7nJJKm0R90xM1nGlxTHTme,https://api.spotify.com/v1/tracks/7nJJKm0R90xM1nGlxTHTme,https://api.spotify.com/v1/audio-analysis/7nJJKm0R90xM1nGlxTHTme,201742,4
0.751,0.709,8,-4.216,1,0.0382,0.125,0,0.807,0.515,114.094,audio_features,1xyVMQx51Kab6eLVtE6twx,spotify:track:1xyVMQx51Kab6eLVtE6twx,https://api.spotify.com/v1/tracks/1xyVMQx51Kab6eLVtE6twx,https://api.spotify.com/v1/audio-analysis/1xyVMQx51Kab6eLVtE6twx,219442,4
0.768,0.934,8,-2.533,1,0.0453,0.22,1.73e-06,0.0854,0.916,160.108,audio_features,7wMAgaPiKzTNxpDWu2BPfk,spotify:track:7wMAgaPiKzTNxpDWu2BPfk,https://api.spotify.com/v1/tracks/7wMAgaPiKzTNxpDWu2BPfk,https://api.spotify.com/v1/audio-analysis/7wMAgaPiKzTNxpDWu2BPfk,160640,4
0.832,0.833,10,-2.38,0,0.0975,0.621,0,0.645,0.853,135.049,audio_features,0ituhG5DzBFsBdp6ECz030,spotify:track:0ituhG5DzBFsBdp6ECz030,https://api.spotify.com/v1/tracks/0ituhG5DzBFsBdp6ECz030,https://api.spotify.com/v1/audio-analysis/0ituhG5DzBFsBdp6ECz030,154417,4
0.701,0.852,0,-4.03,1,0.126,0.509,0,0.309,0.607,144.837,audio_features,5qm2otRZaeZaqdLVVohUjq,spotify:track:5qm2otRZaeZaqdLVVohUjq,https://api.spotify.com/v1/tracks/5qm2otRZaeZaqdLVVohUjq,https://api.spotify.com/v1/audio-analysis/5qm2otRZaeZaqdLVVohUjq,175671,4
0.752,0.681,11,-6.684,0,0.299,0.0195,0,0.0353,0.648,73.233,audio_features,2eSnW4d3A4SyEVhVPmBffa,spotify:track:2eSnW4d3A4SyEVhVPmBffa,https://api.spotify.com/v1/tracks/2eSnW4d3A4SyEVhVPmBffa,https://api.spotify.com/v1/audio-analysis/2eSnW4d3A4SyEVhVPmBffa,195619,4
0.705,0.721,1,-5.545,0,0.514,0.333,0,0.101,0.574,75.132,audio_features,2H8ETIUEoN9YMf56X66bxd,spotify:track:2H8ETIUEoN9YMf56X66bxd,https://api.spotify.com/v1/tracks/2H8ETIUEoN9YMf56X66bxd,https://api.spotify.com/v1/audio-analysis/2H8ETIUEoN9YMf56X66bxd,160900,4
0.815,0.784,11,-5.502,1,0.146,0.00158,2.3e-05,0.216,0.8,156.042,audio_features,1U62BQhqoJK5j9SI03aBys,spotify:track:1U62BQhqoJK5j9SI03aBys,https://api.spotify.com/v1/tracks/1U62BQhqoJK5j9SI03aBys,https://api.spotify.com/v1/audio-analysis/1U62BQhqoJK5j9SI03aBys,160000,4
0.82,0.772,6,-1.781,1,0.0663,0.324,0,0.0878,0.764,99.961,audio_features,6p6sG45DypURkhhXsVr6MN,spotify:track:6p6sG45DypURkhhXsVr6MN,https://api.spotify.com/v1/tracks/6p6sG45DypURkhhXsVr6MN,https://api.spotify.com/v1/audio-analysis/6p6sG45DypURkhhXsVr6MN,191362,4
0.634,0.84,5,-3.554,1,0.042,0.251,0,0.623,0.799,170.007,audio_features,32lyOiqQrmCUICCcBfkBeG,spotify:track:32lyOiqQrmCUICCcBfkBeG,https://api.spotify.com/v1/tracks/32lyOiqQrmCUICCcBfkBeG,https://api.spotify.com/v1/audio-analysis/32lyOiqQrmCUICCcBfkBeG,162139,4
0.427,0.65,5,-6.007,0,0.0514,0.376,0,0.218,0.716,84.159,audio_features,2YHR2QhK6nWta7rbY1on6i,spotify:track:2YHR2QhK6nWta7rbY1on6i,https://api.spotify.com/v1/tracks/2YHR2QhK6nWta7rbY1on6i,https://api.spotify.com/v1/audio-analysis/2YHR2QhK6nWta7rbY1on6i,206702,4
0.687,0.673,1,-4.078,0,0.0771,0.449,0,0.0746,0.551,87.932,audio_features,7KicgcwT4Pz6wENOTJCNTp,spotify:track:7KicgcwT4Pz6wENOTJCNTp,https://api.spotify.com/v1/tracks/7KicgcwT4Pz6wENOTJCNTp,https://api.spotify.com/v1/audio-analysis/7KicgcwT4Pz6wENOTJCNTp,166156,4
0.809,0.328,8,-11.966,1,0.0351,0.648,1.51e-05,0.107,0.304,82.01,audio_features,2GsvXMAz16fKroAmaCxLfL,spotify:track:2GsvXMAz16fKroAmaCxLfL,https://api.spotify.com/v1/tracks/2GsvXMAz16fKroAmaCxLfL,https://api.spotify.com/v1/audio-analysis/2GsvXMAz16fKroAmaCxLfL,179268,4
0.815,0.828,10,-3.278,0,0.163,0.0827,2.2e-06,0.134,0.882,176.086,audio_features,3m9zvjbilaBUMKNFcROBfF,spotify:track:3m9zvjbilaBUMKNFcROBfF,https://api.spotify.com/v1/tracks/3m9zvjbilaBUMKNFcROBfF,https://api.spotify.com/v1/audio-analysis/3m9zvjbilaBUMKNFcROBfF,192324,4
